{
    "version": "1.0.0",
    "summary": "helpful summary of your project, less than 80 characters",
    "repository": "https://github.com/user/project.git",
    "license": "BSD3",
    "source-directories": [
        "src"
    ],
    "exposed-modules": [],
    "dependencies": {
        "NoRedInk/elm-decode-pipeline": "3.0.0 <= v < 4.0.0",
        "elm-community/linear-algebra": "3.1.1 <= v < 4.0.0",
        "elm-lang/core": "5.1.1 <= v < 6.0.0",
        "elm-lang/html": "2.0.0 <= v < 3.0.0",
        "elm-lang/keyboard": "1.0.1 <= v < 2.0.0",
        "elm-lang/navigation": "2.1.0 <= v < 3.0.0",
        "evancz/url-parser": "2.0.1 <= v < 3.0.0",
        "fbonetti/elm-phoenix-socket": "2.2.0 <= v < 3.0.0",
        "rtfeldman/elm-css": "13.0.1 <= v < 14.0.0"
    },
    "elm-version": "0.18.0 <= v < 0.19.0"
}
